ukey1,ukey2,ukey3,dval
1,1,1467,1.77871e+09
2,2,38,9
3,1,1136,1.28224e+09
1,2,4694,2.05318e+09
2,1,515,6.78083e+08
